<?xml version="1.0" encoding="UTF-8"?>
<project-private xmlns="http://www.netbeans.org/ns/project-private/1">
    <editor-bookmarks xmlns="http://www.netbeans.org/ns/editor-bookmarks/2" lastBookmarkId="0"/>
    <open-files xmlns="http://www.netbeans.org/ns/projectui-open-files/2">
        <group>
            <file>file:/C:/Users/josei/Downloads/Proyecto-1-SO-Errasti-Francisco-master%20(1)/Proyecto-1-SO-Errasti-Francisco-master/src/proyecto/pkg1/so/errasti/francisco/PoliticasConfUI.java</file>
            <file>file:/C:/Users/josei/Downloads/Proyecto-1-SO-Errasti-Francisco-master%20(1)/Proyecto-1-SO-Errasti-Francisco-master/src/proyecto/pkg1/so/errasti/francisco/ProcessConfUI.java</file>
            <file>file:/C:/Users/josei/Downloads/Proyecto-1-SO-Errasti-Francisco-master%20(1)/Proyecto-1-SO-Errasti-Francisco-master/src/proyecto/pkg1/so/errasti/francisco/MainUI.java</file>
        </group>
    </open-files>
</project-private>
